{"cameraMode":{"drawMode":0,"name":"Shaded","section":"Shading Mode"},"sceneLighting":true,"audioPlay":false,"sceneViewState":{"m_AlwaysRefresh":false,"showFog":true,"showSkybox":true,"showFlares":true,"showImageEffects":true,"showParticleSystems":true,"showVisualEffectGraphs":true,"m_FxEnabled":true},"in2DMode":false,"pivot":{"x":-32.97477340698242,"y":526.376220703125,"z":-22.902603149414064},"rotation":{"x":0.00013746156764682382,"y":-0.6638336181640625,"z":0.0003152442805003375,"w":0.7477728724479675},"size":12.12435531616211,"orthographic":false}